{
	"diagnostics":	{
		"Environemnt":	{
			"$type":	"EnvironmentDiagnosticsData",
			"files":	[{
					"file_name":	"C:\\Program Files\\Attunity\\Replicate\\addons\\addons_def.json"
				}],
			"input":	{
				"$type":	"EnvironmentDiagnosticsInput"
			},
			"host_name":	"QLIKDS2AWSPOC.ktktest.com",
			"installation_dir":	"C:\\Program Files\\Attunity\\Replicate\\",
			"data_dir":	"C:\\Program Files\\Attunity\\Replicate\\data",
			"disk_bytes_total":	267857686528,
			"disk_bytes_available":	188425752576,
			"memory_bytes_total":	50514006016,
			"memory_bytes_used":	6465912832
		},
		"Source":	{
			"$type":	"EndpointDiagnosticsData",
			"input":	{
				"$type":	"SourceEndpointDiagnosticsInput"
			}
		},
		"Target":	{
			"$type":	"EndpointDiagnosticsData",
			"input":	{
				"$type":	"TargetEndpointDiagnosticsInput"
			}
		},
		"Metadata":	{
			"$type":	"DiagnosticsData",
			"files":	[{
					"file_name":	"C:\\Program Files\\Attunity\\Replicate\\data\\tasks\\On-Prem to S3\\dynamic_metadata.sqlite"
				}],
			"input":	{
				"$type":	"MetadataDiagnosticsInput"
			}
		},
		"StatisticsLog":	{
			"$type":	"DiagnosticsData",
			"files":	[{
					"file_name":	"C:\\Program Files\\Attunity\\Replicate\\data\\logs\\metrics\\metricsLog.txt"
				}],
			"input":	{
				"$type":	"StatisticsLogDiagnosticsInput"
			}
		},
		"EndpointServer":	{
			"$type":	"DiagnosticsData",
			"input":	{
				"$type":	"EndpointServerDiagnosticsInput"
			}
		}
	}
}