{
	"tables_status":	[{
			"name":	"ACCT_AUTH_SIGN_TABLE",
			"owner":	"TBAADM",
			"metadata_id":	1,
			"state":	"TABLE_COMPLETED",
			"est_row_count":	42447155,
			"cdc_insert_counter":	226,
			"cdc_update_counter":	321,
			"fl_start_time":	1715167485035234,
			"fl_last_time":	1715167485831210,
			"fl_total_time":	795976
		}, {
			"name":	"ASST_CLASS_DETAIL_TBL",
			"owner":	"TBAADM",
			"metadata_id":	2,
			"state":	"TABLE_COMPLETED",
			"est_row_count":	42278746,
			"cdc_insert_counter":	272,
			"fl_start_time":	1715167485622489,
			"fl_last_time":	1715167486157711,
			"fl_total_time":	535222
		}],
	"counters":	{
		"tables_completed_counter":	2,
		"tables_loading_counter":	0,
		"tables_queued_counter":	0,
		"tables_canceled_counter":	0,
		"tables_error_counter":	0
	},
	"update_time":	1715235321408978
}