{
	"task_status":	{
		"name":	"On-Prem to S3",
		"state":	"STOPPED",
		"starting_state":	"AR_STATE_STARTING",
		"task_cdc_event_counters":	{
			"cdc_applied_insert_count":	498,
			"cdc_applied_update_count":	321,
			"cdc_applied_delete_count":	0,
			"cdc_applied_ddl_count":	0,
			"cdc_read_insert_count":	498,
			"cdc_read_update_count":	321,
			"cdc_read_delete_count":	0,
			"cdc_read_ddl_count":	0,
			"cdc_filtered_insert_count":	0,
			"cdc_filtered_update_count":	0,
			"cdc_filtered_delete_count":	0,
			"cdc_filtered_ddl_count":	0
		},
		"full_load_counters":	{
			"full_load_completed_tables_count":	2,
			"full_load_loading_tables_count":	0,
			"full_load_queued_tables_count":	0,
			"full_load_canceled_tables_count":	0,
			"full_load_error_tables_count":	0,
			"full_load_total_record_transferred":	0,
			"full_load_estimated_records_count_for_all_tables":	84725901
		},
		"full_load_completed":	true,
		"full_load_start_time":	1715167483267839,
		"full_load_finish_time":	1715167486157711,
		"cdc_start_id":	2063138,
		"cdc_start_position":	"0001CFF5/181C4F88.105.0001CFF5/18243A40",
		"full_load_throughput":	{
		},
		"cdc_throughput":	{
			"source_throughput_records":	{
			},
			"source_throughput_volume":	{
			},
			"network_throughput_records":	{
			},
			"network_throughput_volume":	{
			},
			"target_throughput_records":	{
			},
			"target_throughput_volume":	{
			}
		},
		"cdc_transactions_counters":	{
			"read_in_progress":	1,
			"read_records_in_progress":	0,
			"read_volume_in_progress":	0,
			"read_committed":	578,
			"read_records_committed":	819,
			"read_volume_committed":	0,
			"read_rollback":	0,
			"read_records_rollback":	0,
			"read_volume_rollback":	0,
			"applied_in_progress":	0,
			"applied_records_in_progress":	0,
			"applied_volume_in_progress":	0,
			"applied_committed":	578,
			"applied_records_committed":	819,
			"applied_volume_committed":	0,
			"read_memory_events":	0,
			"read_swaped_events":	0,
			"applied_memory_events":	0,
			"applied_swaped_events":	0
		},
		"cdc_latency":	{
		},
		"source_status":	{
		},
		"target_status":	{
		},
		"running_instance":	{
			"task_uuid":	"68a2f084-89d5-5d48-91d3-253e2aa33878",
			"instance_uuid":	"31d751c1-1cfe-5a49-a9d8-13593e8fb8b2",
			"instance_uuid_int_h":	5285816512128603953,
			"instance_uuid_int_l":	-5568543441298401111
		},
		"start_time":	1715167482519827,
		"fresh_start_time":	1715167482519827,
		"stop_time":	1715168584291323,
		"metadata_last_sequence_num":	6
	}
}